"VaR","ES"
-0.0107479051099835,-0.0147275399908364
-0.0114428059307265,-0.0156856776598691
-0.0110649074569697,-0.0145466126722298
-0.0118417995784038,-0.014980252969123
-0.0114750774954402,-0.0149837384331873
-0.0110990357860388,-0.0146017025918001
-0.0111670042354033,-0.0146495997004202
-0.0113231748868691,-0.0157226414021277
-0.0110732643878346,-0.0147760525930251
-0.0111062028316505,-0.0147794003527193
-0.0115396184186978,-0.0146897483678124
-0.0114397673542508,-0.0151088255139201
-0.0114385789125645,-0.0147342877697261
-0.0111063760699326,-0.014784751814538
-0.0108232718773211,-0.0140873464589514
-0.0104470367552141,-0.0138697562648217
-0.0101352267490517,-0.0135774827504975
-0.0100278763003025,-0.013311429887364
-0.00997411358762936,-0.0129896054877966
-0.0106481907693791,-0.0135196798728379
-0.0101209975671327,-0.0134180171672983
-0.0096365791324964,-0.0128380269716024
-0.00934983318193419,-0.0123859227836784
-0.00964384168536549,-0.0126494825040857
-0.00938312959309826,-0.0128130535168624
-0.00965708037443736,-0.0126466080114577
-0.00920493208376609,-0.0122383873949292
-0.00891549807882744,-0.0119690837458299
-0.00931729836273261,-0.0128445808352442
-0.0095820255148963,-0.0126015158010232
-0.00934912582633741,-0.0125537372722853
-0.00903023094468753,-0.012060506790832
-0.00861534650822233,-0.0116649129594587
-0.0102825516197538,-0.0142415696885633
-0.0109183681784686,-0.0144361501846915
-0.012250415112596,-0.0153348021430819
-0.0113541339894487,-0.0148216807621306
-0.0117022693813417,-0.0150679737535475
-0.0123361858644484,-0.0168151974489626
-0.0118864300882795,-0.0155123292785247
-0.0113172913549348,-0.0148736928884417
-0.0106571075735051,-0.0142369333487028
-0.0102331155198505,-0.013680811226245
-0.0106599520540788,-0.0144641087704944
-0.0102912272508829,-0.0135750706798246
-0.0113262295233029,-0.0154820036883066
-0.0111531582979438,-0.0151016501318978
-0.0112900737846647,-0.0148300193353562
-0.0110009905393812,-0.014408588439194
-0.0256003895377725,-0.0341008606171835
-0.0231687742671648,-0.0285569337433729
-0.023476471763177,-0.0304872093936127
-0.0225612614967493,-0.0287139455923184
-0.0224881921427601,-0.0277767523658016
-0.020622538471962,-0.0261317840075407
-0.0212543408473663,-0.0260870274919789
-0.0214807286569696,-0.0261615774734272
-0.019519105689563,-0.0246787941160466
-0.0185433177001476,-0.0239992690887775
-0.0176925927110962,-0.0221728336477936
-0.0163825396931436,-0.0211509011371219
-0.0156738815329868,-0.0205454536993708
-0.0154277559102043,-0.0194850712752969
-0.0148154749332177,-0.018945136787019
-0.0141368639953531,-0.0186899127568525
-0.0150536081656511,-0.0201508183217559
-0.0167084463929291,-0.0205525324474902
-0.0164003657456883,-0.0204038899393646
-0.0153322632904583,-0.0194437301867367
-0.0158093362672199,-0.0196733953603423
-0.0145005332481611,-0.0187167549809927
-0.0136267260861784,-0.0176676172576699
-0.0128756361607611,-0.0167278865929314
-0.0124735304311551,-0.0165013414571208
-0.0122451247212308,-0.0161169532503264
-0.0117663513782942,-0.0153265800958254
-0.0129403175744012,-0.0173324785320375
-0.0126481706129463,-0.0165691649648312
-0.0120512727918795,-0.0160000332232176
-0.0115703083948048,-0.0153669473993752
-0.0131176519042327,-0.0163560153756808
-0.0124497186855504,-0.0160321386103218
-0.0118223197302311,-0.0159629504332038
-0.0118412756925084,-0.01550935055402
-0.0120010168453989,-0.016174266938353
-0.0122395596817317,-0.0159712749899158
-0.0118787029077824,-0.0159291487291892
-0.0121510514212181,-0.0166493964715909
-0.0121723654802699,-0.0160402535357171
-0.0122004553957079,-0.0160253147973943
-0.0121885515883772,-0.0161052617783874
-0.0120851114565715,-0.0162506255930768
-0.0139893096438523,-0.0174256681486363
-0.0142142148553683,-0.0177089316717929
-0.0132077494953335,-0.0170303821635343
-0.0128961955016769,-0.0164691953071765
-0.0129265145774856,-0.0173743498949408
-0.0129112604048964,-0.0166070092559502
-0.0120946823071454,-0.0159838244581689
-0.0119664824195668,-0.0157319703115904
-0.0126955101937455,-0.016063733671972
-0.0130730070975193,-0.0176513746847838
-0.0138129929199421,-0.0180201301871679
-0.0136156379009251,-0.0175084337900031
-0.0138223514240194,-0.0179659208330663
-0.0134391462154439,-0.0171735295648977
-0.0131635886519553,-0.0176909426409729
-0.0126913605135562,-0.0167976110604879
-0.0122263348775686,-0.016149981321203
-0.0124220085256739,-0.0168598229668865
-0.013038042353924,-0.0164159894817877
-0.0133595170376624,-0.0170936439573492
-0.0145269558139577,-0.0182946650677473
-0.0182809444403977,-0.0226388320127958
-0.0201180226787047,-0.0246307622856576
-0.0186133759179358,-0.0238634406105261
-0.020983074567878,-0.0257466397572449
-0.0201749153992609,-0.0259283534664728
-0.0197895470727233,-0.0247721097078494
-0.0247578262331107,-0.0316794761197382
-0.0234700336841042,-0.0297861877901312
-0.0222787520723863,-0.0281736380712181
-0.0225762628861024,-0.0293624648874515
-0.0232709070876389,-0.0293868122126609
-0.0221915975122575,-0.0275311600154732
-0.0247470036122698,-0.0297358617591166
-0.0228582545404593,-0.0283103230849544
-0.0232845587427945,-0.0287642173679402
-0.0215302823208929,-0.0269813307914172
-0.0205013492941557,-0.0258151356207164
-0.0194904230525113,-0.0244113105081307
-0.0182810298480495,-0.0231090340640747
-0.0192958419672984,-0.0249133076708939
-0.018848352972206,-0.0237833828584533
-0.0182861579022934,-0.0229813380141729
-0.0195793706708469,-0.0257417609847967
-0.0187805653089664,-0.0239666118601153
-0.0186662563055179,-0.0231507811857635
-0.0174226360390644,-0.0228475970033864
-0.0183105487540072,-0.0240829300588371
-0.0175178891545133,-0.0222419238455291
-0.0166113664019864,-0.0211583878933132
-0.0170681524295584,-0.0227071827560414
-0.0191387782480231,-0.0236473603160199
-0.018950431891705,-0.0233718402276701
-0.0177461201408657,-0.022893936848965
-0.016799040294512,-0.0213657997970779
-0.0174302998443403,-0.0224222351647859
-0.0166530960219687,-0.0211759436716545
-0.0156811953400057,-0.0205581671247472
-0.016265861373107,-0.0218284859264946
-0.016469209901913,-0.0214404947482639
-0.0166662174776465,-0.0216994921997906
-0.015838734382331,-0.0204423468990963
-0.0172737084050392,-0.0210917521840506
-0.018919571824678,-0.0250596813966132
-0.0188513431750237,-0.0242144403324873
-0.0181934378295442,-0.0231573507551887
-0.0205075843797353,-0.0246854677558772
-0.0202407344063342,-0.026613705628029
-0.0195443473174658,-0.0248802546654338
-0.0235503099288184,-0.0310798265737475
-0.0233675414508446,-0.029662559280702
-0.0239486836022038,-0.0297223537778709
-0.0220908680075307,-0.0279498390237129
-0.0228821731282677,-0.0279335466204219
-0.0215996955399207,-0.0270059055141283
-0.0206804846657201,-0.0257714292899178
-0.0212889062123666,-0.0280200952302094
-0.0207256261693039,-0.0259708967655429
-0.0193705667648341,-0.0243832862853507
-0.0187701693348763,-0.023643525603997
-0.0175845199328092,-0.0224140677360207
-0.0165943180553067,-0.0210678044410635
-0.0170297012937539,-0.0210104607471907
-0.0176010823055601,-0.0216697115827069
-0.0163862501393652,-0.0213691467889475
-0.0155938828470437,-0.020239171685251
-0.0160487811759979,-0.0198381727100896
-0.0152440171030379,-0.0200765769613694
-0.0145816042402708,-0.018958278346124
-0.0145054956606162,-0.0183095582033788
-0.0144340145382279,-0.0188370964638983
-0.0150174383531794,-0.0200670313881447
-0.0159367600577765,-0.0212014483436277
-0.0207669995156614,-0.0277269392022287
-0.0204490355748392,-0.0262849561465312
-0.0205386314980997,-0.0256559869319947
-0.0204656667711025,-0.0263486468844711
-0.0213662625804535,-0.0274891684807502
-0.0211035329410771,-0.0260054864695065
-0.0201494206613662,-0.0256934757194105
-0.0194431796306133,-0.0245203117030173
-0.0205458766684301,-0.0249344757863625
-0.0188426987263407,-0.0239552520494499
-0.0181127157247237,-0.0234204013586406
-0.0172435067617071,-0.0221557936474865
-0.016927213424552,-0.0221656679569484
-0.017291653397594,-0.0215290224851235
-0.0197303215347645,-0.0258491753488662
-0.0188974911827495,-0.0242559795418212
-0.0192413783081871,-0.0236587596358548
-0.0178655672717811,-0.0226429788085425
-0.0166333556006777,-0.0215999085673697
-0.0193496398317464,-0.0254933086641083
-0.0184404621219432,-0.0234046511631513
-0.0173717309970771,-0.0225355494913163
-0.0178073580070175,-0.0219859875938299
-0.0178915587718928,-0.0225379308433903
-0.0187252457379759,-0.0229360156552839
-0.0173099746015344,-0.0221705688009323
-0.0179586345510157,-0.0229564145268608
-0.0169322088374174,-0.0218170105914805
-0.016093061433263,-0.0205159295916539
-0.0151908783648257,-0.0200099379706494
-0.0159235662271106,-0.0195862969552379
-0.0165758636172581,-0.0206604934189797
-0.016300057207095,-0.0202275621750207
-0.0161915753860664,-0.021131360961227
-0.0155938857387114,-0.0202711386315644
-0.0157542156440087,-0.0202276807203921
-0.0150261338584727,-0.0193978167801498
-0.0141249508500088,-0.0184943768823717
-0.01406417072578,-0.0178773783753116
-0.0130869816784641,-0.0171332834568231
-0.0138110712312419,-0.0172470191557884
-0.0131456191346301,-0.0170366253281044
-0.0135184660363554,-0.0172279069786697
-0.0131674386352622,-0.0174166282495859
-0.0132403737809549,-0.0175225102268709
-0.0128188953061761,-0.0168913795964197
-0.0127838047076165,-0.0164116432597826
-0.012474450311249,-0.0167758156153351
-0.0136043609471111,-0.0183918594346775
-0.0143048984082341,-0.0181823226004877
-0.0135045091038199,-0.0173768102453552
-0.0136472780332777,-0.01743276191393
-0.0148498864193002,-0.0200888726994981
-0.015344750516073,-0.0195830870280122
-0.0166301027369262,-0.0221589611520775
-0.0163781764352532,-0.0214878908474675
-0.0163467994017872,-0.0213636974213367
-0.0157444709455622,-0.0203657317659855
-0.0149055718685082,-0.0194728067191152
-0.016306794451936,-0.0207550742402189
-0.0154976079616185,-0.0196731682136193
-0.0163340925003029,-0.0201124990522173
-0.0154843035984976,-0.0194830783114587
-0.0182572049891598,-0.024553509717759
-0.0178586860105712,-0.0226039014801616
-0.0183514639906098,-0.0242100559730848
-0.0175335502925492,-0.0225264809622093
-0.0166518354657644,-0.0210557495805772
-0.0167298568456714,-0.0219611518803533
-0.0166905322303875,-0.02181983226139
-0.0162002506413094,-0.0210438796286124
-0.018366825991177,-0.024433247984116
-0.0197183865943012,-0.0257763622857626
-0.0192636778320073,-0.0244265874912869
-0.0224180002794331,-0.0267410757142196
-0.0217260418456718,-0.0280680598604435
-0.0211251791496963,-0.0271965818511006
-0.0242670700754541,-0.0288794244736447
-0.0252365198977362,-0.0302269996941359
-0.0234490249452275,-0.0295021470427625
-0.0227503489314872,-0.0288315069034788
-0.0235041095956472,-0.0299244792109271
-0.0225756376956737,-0.0290348633881904
-0.0216377203252728,-0.027429153314563
-0.0207507837631865,-0.0265137778476954
-0.0212515743570623,-0.0259572671652059
-0.0220218874011141,-0.0289083477575148
-0.0233567838472751,-0.0284987727741553
-0.0222168840017262,-0.0279165788682321
-0.0218661679039461,-0.0277198873585421
-0.0205849755983973,-0.0262259356321407
-0.0202619647695932,-0.0250446658541284
-0.0189982971948383,-0.0238891858200542
-0.0205651251347833,-0.025181822407199
-0.0197601227631949,-0.0247326019911493
-0.018582469194656,-0.0235541465929197
-0.0186031338465362,-0.0232958516147281
-0.017490640213557,-0.0226695057011538
-0.0170575968321345,-0.0215518263812502
-0.0174707840894524,-0.0228021208779844
-0.0171029453519662,-0.0224353110988369
-0.0194316769672312,-0.0235190402045904
-0.0179266141655834,-0.0226850332796635
-0.0175107784945484,-0.0221199567608571
-0.0177835685674824,-0.023471449481667
-0.0284464363024763,-0.033220535766303
-0.026495316273023,-0.0324457372164662
-0.0256090175097795,-0.0324971221913717
-0.0246523357408278,-0.0303817088865386
-0.023064904087799,-0.0291394878615955
-0.0229476524224978,-0.0294476056493431
-0.0220319207675764,-0.0278311785171819
-0.0206324953370335,-0.0262330171674409
-0.0201672992510089,-0.0249004211081112
-0.0194474621953806,-0.0246375220862294
-0.0186185496284648,-0.0237563725400934
-0.0186261087702229,-0.0240512378590238
-0.018077655472727,-0.0228799212092382
-0.0201598954061355,-0.0243340819797803
-0.0193437604733728,-0.0238752579275895
-0.0180490234131459,-0.0230719840800148
-0.0194481719696745,-0.0257042472959227
-0.0197990487460874,-0.0256167234605736
-0.0193688889885634,-0.0245820989618001
-0.0183943229104576,-0.0232136356892106
-0.0173547148243714,-0.0224438188446573
-0.0176557564397943,-0.021937832530736
-0.018505315681391,-0.0227073637689817
-0.0175581871588894,-0.0223248161808306
-0.0177459799801195,-0.0235130395226323
-0.0187138888529603,-0.0242769494096384
-0.0181646178600504,-0.0233358623116841
-0.0173962557004778,-0.0219576141302104
-0.0176872976532865,-0.0218578253112773
-0.0166564782157118,-0.0219159781628207
-0.0167221043688446,-0.0210027400708839
-0.0156160306145397,-0.0201316013398293
-0.0155564738537923,-0.0204612704868726
-0.0163346284971095,-0.0203297905437074
-0.0156157015426948,-0.0199576081427236
-0.0157082851067318,-0.020371080600168
-0.016881675472706,-0.0216063598150387
-0.0168181252914845,-0.0218199140458129
-0.0184262360149812,-0.0224470811234048
-0.0170621440750807,-0.0215889633048448
-0.0160977879739637,-0.0204888020882002
-0.0182822104879745,-0.0224432674913402
-0.0176591121688337,-0.0220013683270198
-0.0168298947524016,-0.0211600382109082
-0.0156820413286469,-0.0202284969239823
-0.0154225866070658,-0.0201734180908429
-0.0148877761143404,-0.0191964981293165
-0.0150200155975281,-0.0188122012071271
-0.0143274688628338,-0.0181922124852969
-0.0136291431271458,-0.0177149778360472
-0.0129459015794101,-0.0167857741070546
-0.0127601495848843,-0.0163536114214446
-0.0122811792980532,-0.0161424589465123
-0.0128743044246385,-0.0173677831813794
-0.014077623166094,-0.0175856274010554
-0.0138893996214306,-0.0179035862560723
-0.0140770729927288,-0.0179188797287342
-0.0158068155583685,-0.0212877282565189
-0.0154772981764585,-0.019993124705321
-0.0163415171364216,-0.0202515718274532
-0.0153953049606188,-0.0198751598875702
-0.0149175191842648,-0.0196155351119522
-0.0145801605783812,-0.0186685100907534
-0.0141914719594335,-0.0180135422489102
-0.0135410002495491,-0.0177007172482226
-0.0129475666013238,-0.0169906273634473
-0.012810189119341,-0.0170994535794815
-0.0129955357251474,-0.0171623522094466
-0.0140600067174882,-0.0189104328814138
-0.0144215030966637,-0.0188514346307638
-0.01421784851196,-0.0181251920615774
-0.0140196232827677,-0.018492907478816
-0.0134887572633405,-0.0174111953063412
-0.0131024904889295,-0.0168947908111995
-0.0126776587608458,-0.0166160502256652
-0.0124037745190387,-0.0160148417999476
-0.0140492729370993,-0.0173773301095276
-0.0130810167148772,-0.0169744163070311
-0.0154198730368764,-0.020710520031411
-0.0151615869166524,-0.0195152628035344
-0.0155819656075158,-0.0204846391477284
-0.01644613330039,-0.020995581594384
-0.0161604004979811,-0.0205182812385716
-0.0170290571914424,-0.0217535801482878
-0.0175734903745599,-0.0226896798383322
-0.0170874949351677,-0.0213849069491764
-0.0167599848327906,-0.0215348309596713
-0.0162491460134083,-0.0204211022133041
-0.0157281875707165,-0.0199812509424056
-0.016243436051834,-0.0210208186823473
-0.0156209292431305,-0.0198033470007165
-0.0152262498498793,-0.0194666738951036
-0.015641793250204,-0.0199537088766848
-0.0146939061911786,-0.0188421551517971
-0.0145776582923695,-0.0184552664091693
-0.014370124027888,-0.0181239738449025
-0.0149219701803264,-0.0186498705540685
-0.016811647388953,-0.0208149626013104
-0.015634521207882,-0.0199115677058333
-0.0146199782386202,-0.0189021502467824
-0.0138391591789109,-0.0178396868806972
-0.0131979276302622,-0.0174305209396465
-0.0131581669429754,-0.0168268544874431
-0.012695617853773,-0.0164909979367647
-0.0124642052032365,-0.0159143119725285
-0.0121508777169515,-0.0162680630309385
-0.0123080175629724,-0.0162095996683829
-0.0117918954817393,-0.0153714037860552
-0.0115308919934165,-0.0153909744467137
-0.0117054844131476,-0.0155984207963636
-0.0108391364338633,-0.0145654552920001
-0.0105612205366356,-0.0139433901884998
-0.0109263051969515,-0.0146909050804706
-0.0121631022968217,-0.0160644440983373
-0.0129191083079742,-0.0163472989029611
-0.013305097799114,-0.0170420186013102
-0.013024067663098,-0.0171707516482275
-0.0150630270681948,-0.0192276208625781
-0.0154507699408327,-0.0197774231074909
-0.0145443234390042,-0.0188749649402877
-0.0155626252717009,-0.0198340564191874
-0.0148407857131941,-0.0192546709291835
-0.0139879423044299,-0.0182292991461164
-0.0135480729427513,-0.0173779651827808
-0.0132999096389465,-0.017324558306938
-0.0126533767588272,-0.0165712919419029
-0.012069100289415,-0.0158411723599742
-0.0125343871857345,-0.0168093325325195
-0.0131210647363622,-0.0169009845894963
-0.0127304239741397,-0.0165452958176553
-0.0120072877741403,-0.0156922776205505
-0.0113170141731878,-0.0149714663998434
-0.0109982911180886,-0.0149074415673923
-0.0113848621271094,-0.0154031125018975
-0.0121736064012564,-0.0157704878712699
-0.0121409589394012,-0.015576599224405
-0.0128310539195777,-0.0164109066267376
-0.0122887960540478,-0.0160395296389504
-0.0125370333372305,-0.016146088051936
-0.01303393448904,-0.0168530523593253
-0.0122210968211096,-0.0160711158575116
-0.011718661904198,-0.0152404164614759
-0.011258331017206,-0.0151567882613433
-0.0112281250377267,-0.0144474351879989
-0.0107652352199411,-0.0142106424076317
-0.0119009849434538,-0.0152892008928237
-0.0119233959750332,-0.0157184811451459
-0.0115362553445895,-0.0149933204593554
-0.0123187552966834,-0.0158499261996736
-0.0115462279894682,-0.0153655519158478
-0.011647026471147,-0.0155340260983064
-0.0115786628619468,-0.0154830072632848
-0.013290985817186,-0.0172954659996139
-0.0128112041018621,-0.0168351256569579
-0.0127043728373242,-0.0165943508818059
-0.0127708444493828,-0.0163632430538529
-0.0124114985065079,-0.0162972118953955
-0.0118187177236052,-0.0155497180082617
-0.0118704477682156,-0.0151712851808646
-0.0112539703315753,-0.0147938799902304
-0.0116366725973759,-0.0152065433384156
-0.0112570229767791,-0.0152003946706703
-0.0116108031713063,-0.015043909593634
-0.0110310398526368,-0.0145708758150408
-0.0118686221732637,-0.0151164661071838
-0.0119783018025831,-0.0151462769407609
-0.0118949105923375,-0.0151837652462165
-0.0114903539047642,-0.0152861092076261
-0.0114016559917028,-0.0150813585465147
-0.0117873717914585,-0.0149675484698133
-0.0112632342025263,-0.0147114886222429
-0.0107990431930168,-0.0145693042568705
-0.010811326500651,-0.0141819025956405
-0.0109464232537003,-0.0142326465648878
-0.0105635126374829,-0.0138794095872074
-0.0101524732361109,-0.0135046656922006
-0.0110152750620094,-0.0149268698634708
-0.011129308682211,-0.0142679344433395
-0.0109785633083337,-0.0142289579646645
-0.0106795590250213,-0.0145413357551141
-0.0116566863577321,-0.0158940677810938
-0.0120396804725997,-0.0158707665986559
-0.011981184231977,-0.0155432744282712
-0.0117276068224127,-0.0153162205519737
-0.0113271427103738,-0.0149308077060457
-0.0110928252516334,-0.0146922471595047
-0.0111528190330609,-0.0149449715000765
-0.0107566601853583,-0.014253230113764
-0.0105247089566279,-0.0139121047589903
-0.0112182053564878,-0.0153086747054463
-0.0119485208408086,-0.016082341272623
-0.0118338742143575,-0.0157454894399367
-0.0115418402771215,-0.0150361062873691
-0.0112777032406106,-0.0148078770015113
-0.0107889534082289,-0.014289861857203
-0.011696493889389,-0.014850657090884
-0.0112081688243692,-0.0151446790620312
-0.0110903346937632,-0.0144149404567951
-0.0108695672833824,-0.0141139671023931
-0.0118823853704424,-0.0149076912772859
-0.0112514906202141,-0.0146304488385265
-0.0112814659787852,-0.0147324671136111
-0.0111571320907112,-0.0146012390622294
-0.011018684745194,-0.0147664769141436
-0.0107119771226972,-0.0143096934406637
-0.0103737556620048,-0.013878146492522
-0.0101055082337834,-0.0133452784261656
-0.00977167267494365,-0.0129236969238767
-0.0095723530747507,-0.0128711961788289
-0.00950834021956456,-0.0127758440277478
-0.0103477240740275,-0.0134312148762802
-0.00995694490671144,-0.0134868947876583
-0.00984999426107459,-0.0130267964838165
-0.00946717730284492,-0.012816840444842
-0.00932791787952401,-0.0127111116697004
-0.0129877101416105,-0.0177416973793159
-0.0128448750088703,-0.016673713356683
-0.0124076981575168,-0.016353236938884
-0.0127507331313911,-0.0170830717332227
-0.0130750819357953,-0.0170172325599193
-0.0128240166172813,-0.0167310808246152
-0.0122328486790511,-0.01617201815995
-0.0130506063263318,-0.0173884408625787
-0.0136529803772748,-0.018198178316127
-0.0151025203478776,-0.0195275626885423
-0.0145959186254933,-0.0189951264983416
-0.0141859014212805,-0.0179997336480042
-0.0158726628803022,-0.0196183350030535
-0.014784400198315,-0.0188615224754793
-0.0148137562054126,-0.0189109888896337
-0.014576665372886,-0.019210812129035
-0.0172296526611183,-0.0212194914085803
-0.0162365134879353,-0.0207185154195633
-0.0153023208074983,-0.0197385108614766
-0.0153807470755987,-0.0198481139396345
-0.0154026854101624,-0.0200041559923073
-0.0148722558853768,-0.0193614951745836
-0.0151905157406357,-0.0197647802282404
-0.0149438021910781,-0.0190957234166757
-0.0149378261732077,-0.0195695533508307
-0.0149889039222477,-0.0195564438203614
-0.0149102784080263,-0.0191691198526324
-0.0150236717475535,-0.0192585424228226
-0.0145646976854864,-0.0187642965318547
-0.0141617288914943,-0.0179738789863401
-0.0165050930129605,-0.0202320429412085
-0.0161217711949922,-0.0204256376086758
-0.0153338399648923,-0.0197757412021028
-0.0157063886420646,-0.0203569133055313
-0.0152761683323354,-0.0197604039487182
-0.0148847703207275,-0.0194191611711081
-0.0148797951764055,-0.0188139615084206
-0.0141273737976862,-0.0181369180846589
-0.0178955959776036,-0.0219246968206332
-0.0167490047004592,-0.0215589628744905
-0.0170322540380317,-0.0217666577696746
-0.0170166835826565,-0.021409148222827
-0.0164695154114331,-0.0207045215609153
-0.0154076529175789,-0.0197085043532218
-0.0145453787254087,-0.0187312968438256
-0.0140112433173751,-0.018238584017141
-0.0134308281825869,-0.017317001700111
-0.0133100323124603,-0.0169350675405376
-0.0130529949109118,-0.0167010568642233
-0.0127447476332943,-0.0167585586636802
-0.0135344242038437,-0.0171764568436907
-0.0129730944290897,-0.0173626910234682
-0.0127082835261415,-0.0164912281598447
-0.0131537010147658,-0.017244405029038
-0.0126413894434463,-0.0163486863071762
-0.0123822362767097,-0.0161503863375058
-0.0117583005923852,-0.0154438172244969
-0.0122243760882231,-0.0160826208184965
-0.014830202098539,-0.0184172697911892
-0.0168966548140357,-0.0207558537008155
-0.0157808247019829,-0.0203282891811011
-0.015222961429929,-0.0193665432986401
-0.0148332218613291,-0.0187423563896175
-0.0143312785319681,-0.0187187732442953
-0.0139486329035623,-0.0178470169598338
-0.0132365115617916,-0.0170819320494828
-0.0134356758542245,-0.0171138468661511
-0.0130419491317294,-0.0167452080902923
-0.0131060145185673,-0.0172997049399766
-0.01254334928095,-0.0165063268881982
-0.0124114303892176,-0.0165022621274067
-0.0132337006884531,-0.0173309593896987
-0.0127113292380313,-0.0167425520097261
-0.0124831861075814,-0.0161945640406225
-0.0132391067067155,-0.0171062488249795
-0.0127715474121885,-0.0165746238222715
-0.0122148519901401,-0.0159804815757261
-0.0117455320207739,-0.0153634779192179
-0.0114915675528845,-0.0148370746625149
-0.0111816692035293,-0.0151041586758616
-0.0115022988823452,-0.0154097307055915
-0.0117127658653311,-0.0150191733053917
-0.011615298020358,-0.0149323744686956
-0.0115915893631662,-0.0149986826730552
-0.0111587466190644,-0.0147498873206354
-0.0110110904122895,-0.0145719950160448
-0.0119732729642223,-0.0152746170462937
-0.0112644679851287,-0.0148293521203866
-0.0111764166669772,-0.0144865553038219
-0.0108815762852233,-0.0142138386881389
-0.0113009322473033,-0.0152182555676988
-0.012096924892049,-0.0154722659684623
-0.0124272186154201,-0.0163969716933036
-0.012623913659741,-0.0167420732358212
-0.0126095540785027,-0.0161756283675434
-0.0119838690593432,-0.0155774419682943
-0.0123082518891606,-0.0159104343878192
-0.0116517733032915,-0.0152649403987157
-0.0109497465861207,-0.0146090577664388
-0.0116836644867703,-0.0159599579736556
-0.0116615422662322,-0.0153708516102208
-0.0126316631711964,-0.0160903541381873
-0.0120820444468383,-0.0158936951142522
-0.0115966332138875,-0.0155224866240584
-0.0110921688107102,-0.0148584275479577
-0.0115691125361605,-0.0147310090388212
-0.0113265364020826,-0.0151172733707074
-0.0110890931860458,-0.0147759349547604
-0.0108379305702973,-0.014242702211081
-0.0103116483686056,-0.0138548117183421
-0.0101230333855674,-0.013396492594366
-0.0113319031405837,-0.0142790374673794
-0.0107702849990375,-0.0144041931557362
-0.0106760595646691,-0.0143880637061247
-0.0107277568810059,-0.0139177352947162
-0.0102885347365321,-0.0135578368169665
-0.00999030968306062,-0.0135862324704336
-0.00962471630270456,-0.0130323021863406
-0.00948412381483459,-0.0128451879476714
-0.0100303757046562,-0.013170318595809
-0.0101781495241852,-0.0137183671729372
-0.00974427471893608,-0.0133695744938661
-0.0099818019992639,-0.013080761814494
-0.00958151725513915,-0.0127242668369623
-0.00963951332706803,-0.013034968402633
-0.00942841785217297,-0.0126219460241204
-0.00928955779933655,-0.012786434283742
-0.00928785069983903,-0.0124388712149278
-0.0088474431254626,-0.0121498762072356
-0.00991880000831935,-0.0130143178063077
-0.0103161908666245,-0.0134028765766899
-0.0102072556385,-0.0137376841561268
-0.0103012494053062,-0.0136922182228009
-0.00992230502810051,-0.0131298009330067
-0.00973061949191312,-0.0132490660839155
-0.00975101528573685,-0.0127753790460616
-0.00930277427685402,-0.0126251126044588
-0.00930701356864614,-0.0126050914445704
-0.0116947620453991,-0.0158881268874567
-0.0115281079240681,-0.0151660202286954
-0.0112655387582334,-0.0151506117750031
-0.0115234015073565,-0.0156855746591359
-0.0114286487821258,-0.0151510757010341
-0.0118438877347409,-0.0161598486666563
-0.0114191465927447,-0.0151750341422755
-0.0106649547779137,-0.0141562109022676
-0.010416935354871,-0.0139250244863875
-0.0104812939514377,-0.0135728172411819
-0.00987861974491215,-0.0132807419314681
-0.00958491560977732,-0.0128844676559616
-0.009484763509916,-0.0123872209582104
-0.00929691650859272,-0.0123210477516421
-0.0103550116824323,-0.0144568974098889
-0.0109764939704096,-0.0146223249860968
-0.0110199405165629,-0.0142582808343232
-0.0109071000442819,-0.0140614249154959
-0.0107016086285805,-0.01373581588928
-0.0101498455046622,-0.0134350397665087
-0.00982370489187002,-0.0131162290788222
-0.0103577760138224,-0.0134202304643083
-0.00993468699078658,-0.0131343026740932
-0.00950133312387925,-0.012771993458305
-0.0094097617791485,-0.0124351281871481
-0.0104721683857302,-0.0132303404883875
-0.00973984223115891,-0.0130535854210013
-0.0095561016465821,-0.012582928421007
-0.00921115262707688,-0.0122809859893562
-0.00885620026494452,-0.0119436674249899
-0.00928969964491071,-0.0127881634303404
-0.0106769494401929,-0.0146729898674552
-0.0106880787103621,-0.0139184866893235
-0.0107520220770195,-0.0140506203377541
-0.0106851002470997,-0.0145025209951348
-0.0109041256112427,-0.0144973607572282
-0.0112102544903345,-0.014571367530404
-0.0114228436701141,-0.0149337319999823
-0.0110256253234275,-0.0145720865535218
-0.0113007284541058,-0.0143263619167909
-0.010936111774404,-0.0142335800951875
-0.010991732647918,-0.0150138992281885
-0.0113575774638473,-0.0147379253803463
-0.0108981578043417,-0.0142294411640427
-0.0111155320228523,-0.0141856726171938
-0.0105398597904425,-0.0139461312460999
-0.0102777860817003,-0.0134227992765166
-0.0103056978336188,-0.013538660143757
-0.0103305407014781,-0.0133898131685997
-0.00988490257197712,-0.0131385969361269
-0.00980494621171962,-0.0133673906767765
-0.00982854185345841,-0.0130010013830657
-0.00989998010325138,-0.0132268205257552
-0.00959574907282057,-0.0129914869102264
-0.00981259138928812,-0.0128137008347344
-0.00943164075051863,-0.0128026248465059
-0.00968382859522861,-0.0129310964142123
-0.0100294005641605,-0.0132289175310266
-0.0104154699543494,-0.0133508043399073
-0.0101396806948107,-0.0132198434466789
-0.0097870778281694,-0.0132613001440646
-0.00968499522895994,-0.0129990801542408
-0.0100299272152746,-0.0130003122316158
-0.0111402382903386,-0.0144943114564115
-0.010810640418053,-0.0141602409356686
-0.0104315390977448,-0.013808700521422
-0.0107229485308766,-0.0138397706001263
-0.0107485738945811,-0.0143925383820597
-0.0106108080096744,-0.0143114656662396
-0.0118726192046985,-0.0162265150640158
-0.0119084533461573,-0.0154315964877189
-0.0122991765194196,-0.0162513996659729
-0.0126319812907621,-0.0169695185823524
-0.0123126007028123,-0.0164270928723426
-0.0127634885368436,-0.0162303250433076
-0.0121956143480387,-0.0160088959853753
-0.0118842106534751,-0.0155950639400863
-0.013955264858099,-0.0172298900260232
-0.0133178905830137,-0.0175859441029886
-0.0139522583054069,-0.0185214939764206
-0.0154738906119481,-0.0206870248149131
-0.0154023449185651,-0.0197167672470674
-0.0149861919931414,-0.019324027552297
-0.0154094806759323,-0.0190567634273382
-0.0145212731381413,-0.0184463197335123
-0.0151528329077914,-0.0190461270353738
-0.0148022877009812,-0.0187436256123861
-0.014043066218732,-0.0182761622668575
-0.0139870431939915,-0.01761673730216
-0.0133706029290179,-0.0171590236034995
-0.0133066088414205,-0.0171765217351096
-0.0125725991486826,-0.0163627356064587
-0.0124788280049031,-0.0163773494960205
-0.0119603634175733,-0.0159568750661642
-0.0134165897975327,-0.0167938193300009
-0.0133562540106214,-0.0171490367095627
-0.0129510582010336,-0.0169866791374445
-0.0125302920563822,-0.0166430670007811
-0.0123456371092165,-0.0159218523856086
-0.012515560749744,-0.0164816640917998
-0.0137236223642331,-0.0183996594133721
-0.0133637456288215,-0.0173847329897085
-0.0126609680053359,-0.0164343869869432
-0.0126744651169402,-0.0171057649890981
-0.0129506353121437,-0.016426420200347
-0.0134162309217507,-0.0174361337461115
-0.0132999461819622,-0.0169103204708942
-0.0133581289081633,-0.0168393489143354
-0.0127111573687395,-0.0163018525982675
-0.0124150033284045,-0.0160006024057385
-0.0118542223435049,-0.0155659284537696
-0.0112841992980431,-0.0149971709939884
-0.0116445259424185,-0.0147780099631006
