VaR,ES
-0.012187982923359408,-0.014719097986868953
-0.012185815034706116,-0.014716658898846281
-0.011799690754249192,-0.01427401437630547
-0.011815447737520062,-0.014295955631567391
-0.011671088643862017,-0.014131461961713642
-0.011691803672179025,-0.014151195535202337
-0.011701927719945292,-0.014158814815614202
-0.011804597262513606,-0.014265530256717177
-0.011749415661608191,-0.014204131050862448
-0.011765226028471666,-0.014218650153695807
-0.011769638620610227,-0.014230440722214481
-0.011664933452840306,-0.014114492499010759
-0.011612697191854923,-0.014042536820268854
-0.011622201732926144,-0.014051569070820117
-0.011591498572741343,-0.01401899788269956
-0.011562662949756096,-0.013973886387621391
-0.011562127561657353,-0.013973362486213873
-0.011550265046881551,-0.013964277913752413
-0.011524558629343222,-0.013941544325212548
-0.011536118524089868,-0.013960592014212223
-0.011541795074820976,-0.013966564715217728
-0.011513028003714934,-0.013936016978458698
-0.011447361736632081,-0.013863457404567042
-0.011449774655362269,-0.013868089415220098
-0.011402080254320362,-0.013814389639901746
-0.011393728185896446,-0.013810309992382239
-0.011379575696946413,-0.01379595069763431
-0.011234105457816723,-0.013633083494967384
-0.011268434196740935,-0.013669148681122954
-0.01069097959500969,-0.013003819554769529
-0.010660045087241245,-0.012969420205599727
-0.010594275773347248,-0.012897649101881214
-0.010522037295070997,-0.012800663094380776
-0.010603545207612369,-0.012880486503261877
-0.010540664701363047,-0.012793057874431635
-0.010583545088169423,-0.012847861778402463
-0.01041832357850301,-0.012661623339262018
-0.010383675204428861,-0.012616756999119298
-0.010509751683852922,-0.012751895494847064
-0.010509435335759994,-0.012751604741122484
-0.010502572683757752,-0.012744191864894906
-0.01052013094276773,-0.01276093802352901
-0.010524408583417742,-0.012756296520202456
-0.010546636346380834,-0.012780283087717009
-0.01049463730264012,-0.01272364986291961
-0.01058353253482117,-0.012822888191537164
-0.010662184257721918,-0.012909390306669072
-0.010661714510908036,-0.012908928544534579
-0.010655424761287014,-0.012900001472342229
-0.01145857339015263,-0.01383175776775246
-0.01144453823382466,-0.013822430668280868
-0.011659818082295423,-0.0140700384353235
-0.011714117512910143,-0.014128498124438265
-0.011729740452192704,-0.014153268681189976
-0.011731574499908094,-0.014151846560749427
-0.011774717753155804,-0.01420946166854562
-0.011817993959090433,-0.014271309728318422
-0.011822935689392338,-0.014276335194969068
-0.011823500119939701,-0.014276979169548213
-0.011821022490199241,-0.014272935774749654
-0.011813352111195056,-0.014265308886528442
-0.011877404596035715,-0.014337084438317287
-0.011845136322994101,-0.014292623354051324
-0.011842515050200769,-0.014293555191269028
-0.011868606520404569,-0.0143154722555554
-0.012032165780553765,-0.014502040140892907
-0.011997810270273114,-0.014476599387795197
-0.01200182073029601,-0.014491511031690399
-0.01200121548481355,-0.014491076892189574
-0.012029420065158614,-0.014529989296895272
-0.012026749357811926,-0.014527296552795587
-0.011961281016451206,-0.014437763539412658
-0.01196130228357233,-0.014437301106029442
-0.01198757854411243,-0.014463284991614707
-0.01195598252749366,-0.014427423433020536
-0.01193004858572356,-0.014390307520089754
-0.011966924110050374,-0.014431891581592674
-0.011972852690118907,-0.014437530507953846
-0.011998925357318295,-0.014465914132560976
-0.011997029621261987,-0.01446382928154168
-0.012042600888758286,-0.014525529178257782
-0.012042194465738025,-0.014524677365170031
-0.012069158297234785,-0.014553605152423627
-0.012035941931360102,-0.014516960533348932
-0.012084463647915128,-0.014567357128936115
-0.012060137107748814,-0.014533123543921087
-0.012072734293990993,-0.01454704558391726
-0.012112892472732026,-0.01459230190963898
-0.012144136856718009,-0.014622191407688272
-0.012135553316955794,-0.014614110756979335
-0.012087191482522198,-0.01455947939268976
-0.012144046734767015,-0.014622495023283756
-0.012102293255300904,-0.014586300505181433
-0.012057907858216279,-0.014529932065274335
-0.012066071590198008,-0.01453672531997617
-0.012064818588994502,-0.014538902436020261
-0.01209946666628349,-0.014576709601355323
-0.012104593257313147,-0.01458006491451009
-0.012104526070322369,-0.01457144770360352
-0.012143912648624822,-0.01461335910688699
-0.012163183785066518,-0.014640812819115766
-0.012264561816361838,-0.01475589256631264
-0.012264032790616032,-0.014757330617155775
-0.012212181484454226,-0.014701781665290832
-0.012263021645674095,-0.014757087082295686
-0.01223039101719995,-0.014726845711909466
-0.012232618817721435,-0.014729353314681287
-0.01223781561936862,-0.014726505681372916
-0.012238998613476227,-0.014727657641980925
-0.012343177465936894,-0.014839411568142585
-0.012180519664292252,-0.01466322953891654
-0.012077878832763834,-0.014549865458844761
-0.01209743282583568,-0.014581890723755304
-0.012175259698879237,-0.014692987100928794
-0.012187637771141234,-0.014719711946125594
-0.012199479700920059,-0.014732220369680518
-0.012311449232464784,-0.014871726344074167
-0.01227054765620307,-0.014826145861462707
-0.012268016127898707,-0.014822564492312526
-0.012690680153777341,-0.015304800648797842
-0.012750630805500096,-0.01536518197923961
-0.012734683306684511,-0.015348372944336016
-0.013096971048236181,-0.015760084882906
-0.013183475062783273,-0.015857911813636435
-0.01316553848817761,-0.015840187306235237
-0.01304074597116675,-0.015725203612647124
-0.013042721367074855,-0.015729800566151544
-0.013051576977573963,-0.01574315843977207
-0.012882100112605007,-0.015550914783107812
-0.012855653288137337,-0.015515309641654117
-0.012779599297488946,-0.015431227383048012
-0.01271097894997921,-0.015339237638457131
-0.012802471645132126,-0.015442798545887544
-0.01274094584581997,-0.0153770058026082
-0.01274724467800945,-0.015387666098112575
-0.012898869663932297,-0.01554172697635372
-0.012846761748800272,-0.015484265334959299
-0.01285566069158076,-0.015497140723913937
-0.012976394463238396,-0.01563239276389111
-0.013141803916092085,-0.015817486925689142
-0.013139005088895307,-0.015814475926329653
-0.013134000055254303,-0.01580994473909986
-0.013360778045748126,-0.016063318729568125
-0.013420455544420994,-0.016141277097347653
-0.013410680573104168,-0.01612880289517381
-0.013430061577264117,-0.016149564616037965
-0.01341686296903896,-0.016136075245815833
-0.013469049069545479,-0.016193861232512936
-0.013468205677521564,-0.016196951908463906
-0.013481995796490637,-0.016212200085623792
-0.01367497370588905,-0.01642756384677807
-0.013754611006223529,-0.01651567287986759
-0.013759449584814577,-0.016520450514275285
-0.013794156582240615,-0.016557137256923402
-0.013864405688149195,-0.01664905416368683
-0.014087204317408362,-0.01690420087717306
-0.014203410066554711,-0.017030362467409344
-0.01420445366694542,-0.01703141253436976
-0.014300831108709217,-0.017162858051519743
-0.01450814393412469,-0.017395153550819355
-0.014534004989744078,-0.017419558748677618
-0.015041888243203015,-0.018006055740084754
-0.015100271469859245,-0.018071731869366617
-0.01502960094037782,-0.018004985066614212
-0.015027134392182668,-0.018002386478052232
-0.015028843409695963,-0.018004572266722488
-0.015029158189824292,-0.018005208163509357
-0.014995631861702706,-0.017969851032906402
-0.015121957618781878,-0.01811422632805178
-0.015120073777291838,-0.01811472849676254
-0.015120572725861049,-0.01811607865984644
-0.015096383921961266,-0.01807568997504538
-0.015095489294143642,-0.01807592531440397
-0.015093033127646016,-0.018073928406347677
-0.015101279740707263,-0.01809181349826553
-0.015129761070212985,-0.018134691894315342
-0.015210691399399493,-0.018219136128969908
-0.015230460124030832,-0.018235505497691658
-0.015204690571943581,-0.01821846990990261
-0.01524332173492178,-0.01825380842531956
-0.015278113111992493,-0.01829084304572947
-0.015288301115403951,-0.018306295842391764
-0.015313604203518873,-0.018332722324035877
-0.015419871668568029,-0.018448090857826102
-0.015516273817247139,-0.018555507417870345
-0.015988398005616574,-0.0190988351867556
-0.016076735866800907,-0.019196622211523958
-0.016056066979639873,-0.019178226256171736
-0.015993354623047875,-0.019108169905409374
-0.016098060934588175,-0.019225335410770216
-0.016077344232190982,-0.019196920344571985
-0.01607127243248397,-0.01919051526370112
-0.016062515073011662,-0.01918233124432243
-0.01610503029309766,-0.019243569726951154
-0.016110863698345846,-0.01924888843929863
-0.016115832185881116,-0.01925415457076108
-0.01612125510483834,-0.019259943548739302
-0.016196183245251725,-0.01934100296913454
-0.016220438673029657,-0.019373649604520125
-0.016475261820939384,-0.019660077493993684
-0.016533649005978035,-0.019723912166216852
-0.01654646185691975,-0.019746939400510994
-0.01654478556423107,-0.019745314926270057
-0.016554207653827844,-0.01974859941238794
-0.016781587992407598,-0.020005504738477155
-0.01676690116050911,-0.019991033965656536
-0.01683349555345111,-0.020063858756013537
-0.01684330064579158,-0.020086248027235024
-0.016818913479133817,-0.020064022456156305
-0.016615133942337258,-0.019844917079605638
-0.016635210334613397,-0.01985899041806339
-0.0166596224092237,-0.019880172520955114
-0.016665325615893584,-0.01988368316491287
-0.016666507763532522,-0.019884620619123095
-0.016701676425721127,-0.019922676134398506
-0.016716182027549684,-0.019947006659874564
-0.016739105062622616,-0.019982745288776502
-0.01675041109927262,-0.0199986589679928
-0.016796971395870573,-0.020049357572746885
-0.01679880664862207,-0.020051400985908987
-0.01681262059435796,-0.02006603137517781
-0.016758076458605303,-0.020005959889991907
-0.016797576719319193,-0.020045655496848426
-0.016709757078891704,-0.019956344544563916
-0.01660435614091276,-0.01983919964958305
-0.0166147650511869,-0.019856232217644428
-0.01662151313810995,-0.019858896615239555
-0.016612617888056576,-0.019851903299599658
-0.016664613286886697,-0.019905053771163854
-0.016707013910963086,-0.019951437123897114
-0.0166979629512481,-0.01994164382552375
-0.016633247435056845,-0.019873549123193543
-0.016681203591052605,-0.01992671009170326
-0.01678912450171633,-0.020047375804547747
-0.016744886051124803,-0.01998753921647273
-0.016745840272437928,-0.01998777972502834
-0.01673314280650815,-0.019976864545988758
-0.016829434396014427,-0.020084896054392017
-0.01680493733471258,-0.020049411325812394
-0.017012154328312813,-0.020280629543416636
-0.017084381458693707,-0.02036052354287029
-0.017188010699028224,-0.020473196464427756
-0.017202439054610767,-0.020484464867801644
-0.01722373447448876,-0.020507320585428212
-0.017124580793495336,-0.02039802760320839
-0.017124914829018414,-0.02039785178821362
-0.017123422065069532,-0.0204109257302109
-0.017105667834450188,-0.020396239030928184
-0.017360827669292526,-0.020681353799202665
-0.017363842950655198,-0.02068411772962607
-0.017577181976113385,-0.020919974925877865
-0.01755613062748095,-0.02089716835912948
-0.017500072968947834,-0.020837632966933275
-0.01759021839945245,-0.020939307806080377
-0.017642807562869206,-0.020995204619136322
-0.017683994903775424,-0.021031672440462543
-0.017911237313153215,-0.021289728071498502
-0.01813786862295739,-0.021546360295874208
-0.018151811986125907,-0.021560775045955563
-0.018303120929429387,-0.021770386136237333
-0.01842982730745859,-0.02191164631362612
-0.01846653708525736,-0.02195124124109684
-0.018655067680857295,-0.022189200253226224
-0.018750997576752994,-0.022316736962466208
-0.018782179755143444,-0.022349240284251788
-0.0188278536675182,-0.02239834105824007
-0.018857288280391623,-0.02242854758307225
-0.01897400822022972,-0.02255843421159627
-0.0189822417046426,-0.022566460539426302
-0.019040170295251974,-0.02262512819284383
-0.01905567629360867,-0.022646570110181306
-0.019332544782243513,-0.022952920006438095
-0.019353949556135876,-0.02298911225954665
-0.01936753279639336,-0.023002371521083288
-0.019406534197334426,-0.023043565779749427
-0.019433225210116038,-0.023067453137846472
-0.01941230585471332,-0.02304716156365156
-0.019416795764363146,-0.023046784237844283
-0.019495363607661322,-0.023152672733110568
-0.019500663574210545,-0.0231632565337819
-0.01947800592412853,-0.02314116694053601
-0.019479266409107892,-0.023141172475155437
-0.01951295997521185,-0.023177513252310062
-0.019513385262076886,-0.02318063241611497
-0.01956857750758321,-0.02323955795055774
-0.019567965767373192,-0.023238869376812056
-0.019635567427694744,-0.023334410645640815
-0.01961692053326032,-0.023300854395236267
-0.019618145222588222,-0.02330182906875459
-0.019736202305700022,-0.023426808235022616
-0.02012411568035614,-0.02392781695280149
-0.020127187814860805,-0.023936517575337664
-0.020237934170119338,-0.024059069778872587
-0.020232870898307262,-0.02406094788560997
-0.020232793162191644,-0.024060865756783772
-0.020353982535447283,-0.024196381634740135
-0.02037114749061427,-0.02421342904144986
-0.020325562897302488,-0.024163775776879528
-0.020280984522319915,-0.02412333284060286
-0.02029550165134874,-0.024137915489867535
-0.020315041812617035,-0.02415505188430463
-0.01986173215572846,-0.023632952949697368
-0.0198583118087551,-0.023626449445746135
-0.019749225535239064,-0.02352285291451249
-0.019732598853901207,-0.023517181268369953
-0.019743848776685925,-0.02352150791370605
-0.01999439600344933,-0.023803398167678617
-0.020045640209020745,-0.02384801929704991
-0.020025883211458963,-0.023813824323719392
-0.0200221594906101,-0.02381026909148245
-0.02000656890162528,-0.023792950608454565
-0.02001338222280763,-0.023804136705631536
-0.020067300783320755,-0.023879898665610164
-0.020008918660013662,-0.023817998478726014
-0.020132891006247516,-0.02395299077943648
-0.020250590634843604,-0.02407871115834371
-0.02026168190206228,-0.02409074233693425
-0.02013263844722785,-0.023948905478597734
-0.02012169956990281,-0.02393432352983932
-0.02017715554103224,-0.023985225424652465
-0.02017720597619092,-0.023987803959081684
-0.020179077738461306,-0.023979789631233633
-0.02024871691857238,-0.024054938475807062
-0.020251972797234705,-0.024065882226057003
-0.02025573877066536,-0.024068515160082807
-0.020260690138914426,-0.024073769757531983
-0.020229825405356575,-0.024040835696079902
-0.02028091947236915,-0.024094266129163832
-0.02028473103549628,-0.024117448720527002
-0.02027803480470191,-0.024112209513164586
-0.020257982423093034,-0.02409131225251185
-0.020312517412608245,-0.02417291693655427
-0.020304014756447913,-0.024161600134429
-0.020304250283444424,-0.02416144095477989
-0.020293233870883352,-0.024149828229266982
-0.02030709852421745,-0.024164448481294325
-0.02027785718037639,-0.02413367492693873
-0.020277795106355467,-0.024135400570194202
-0.020248650901996974,-0.02410611852448631
-0.020198740397147245,-0.02405241334858493
-0.02017632849430989,-0.024029392771699774
-0.020174835115542255,-0.02402866461465469
-0.02015734760650439,-0.02401009348402897
-0.020202285550850158,-0.02406043938606984
-0.020208023759660722,-0.024068162497519353
-0.02020898320813048,-0.024061117239148066
-0.020200918322119846,-0.024055033137955602
-0.020456319289043668,-0.02433880004894722
-0.020440504859094936,-0.024321886559830894
-0.02044212844058576,-0.02433014056168319
-0.02042992409236671,-0.02431813687580561
-0.020460071952699756,-0.024351341340540036
-0.020453122524002342,-0.024337847128928097
-0.020356531418423803,-0.024235331299453797
-0.020391703806034653,-0.024269731681302358
-0.02041787763202265,-0.024296012168366476
-0.020426822644046598,-0.02430586663206274
-0.020466568958525697,-0.02434339969664033
-0.020544036313236973,-0.024430274732337005
-0.020573484039560826,-0.024462159416680257
-0.020568538390621387,-0.0244605156773564
-0.020538717239021193,-0.024427281567783284
-0.020536368613406165,-0.0244175082499487
-0.020534633177026945,-0.024417273992501255
-0.020541606320595415,-0.024414749467211474
-0.020465929980650964,-0.02431234762522332
-0.020488366022717464,-0.02434143783405341
-0.020481677394509307,-0.024334697696055334
-0.02057194550784081,-0.024412980736870628
-0.020562304126774206,-0.024403289569027035
-0.02062180947189203,-0.024462580473703772
-0.020334453800883216,-0.024139473890521047
-0.02028677258671543,-0.024090622866623525
-0.020338575619345465,-0.0241459287671799
-0.02012800210480347,-0.02390608509181994
-0.020041410181480535,-0.023812982972472845
-0.020066066084079095,-0.023837217340035435
-0.01991884098926676,-0.023647991358695865
-0.019922348006821605,-0.023647715951423058
-0.01993543176143577,-0.023654689704506415
-0.01992748738874324,-0.023647111240720987
-0.01992593316160152,-0.02364337548548048
-0.019921792563769605,-0.023640193607954975
-0.019922178442002208,-0.023640464750475286
-0.01983551777267839,-0.023549403795974404
-0.019846665899040564,-0.023567236429465586
-0.0198694978828407,-0.023598224159129107
-0.019724301475775363,-0.02344895965220331
-0.0197151653121605,-0.023441616618792172
-0.019718516125703727,-0.02343882047070914
-0.019626965846363156,-0.023339383598750256
-0.01955337471686574,-0.02325652108068623
-0.019541327765453278,-0.02324872840987121
-0.019541645472690748,-0.023248948195895708
-0.019373558553404585,-0.023061804256183763
-0.019400780943822308,-0.023076296126469335
-0.01939491199504835,-0.02305824215364999
-0.0193752480742536,-0.02303837402769274
-0.019404916419808432,-0.02306902605827968
-0.019390957429082176,-0.02305363394576262
-0.01940554767802794,-0.023064283343296212
-0.01937222516195955,-0.023031413875844457
-0.019268172530252568,-0.02291397131310747
-0.01931974455517441,-0.022972255645470646
-0.019317296403129812,-0.022975546638516146
-0.019315062758159952,-0.02298600238446811
-0.019356608826788465,-0.023015365242547183
-0.019224118989858156,-0.02286437200782065
-0.019193255483819248,-0.022829662882488253
-0.019192929357281143,-0.022829345223528967
-0.019121328742403777,-0.022737689779341534
-0.018955135870904624,-0.022553417845051722
-0.018941014237219785,-0.02253877259296114
-0.018500013404307465,-0.022035182814684497
-0.01846941466386668,-0.022000880185838245
-0.01847392871445869,-0.02199330644096713
-0.018464394822411665,-0.021984095260118776
-0.018528824434331303,-0.02204231193351959
-0.01853891645768891,-0.022057371977168828
-0.01857975258908933,-0.022100240394214755
-0.018428173241267408,-0.021930639390866948
-0.018431154063670102,-0.021930984039616745
-0.01844619928340886,-0.021943490811110092
-0.018458608497679115,-0.021956669489703432
-0.018520774530966424,-0.02202126641005552
-0.018525486487419054,-0.022030756241831782
-0.01854014215783221,-0.022037042991655677
-0.01852129977658519,-0.022004024427296855
-0.018464347539949875,-0.021950348578469076
-0.018449849228659436,-0.021940822154660443
-0.01843452530964647,-0.02191319262250723
-0.018395693732286555,-0.02187318921294191
-0.018369186467114107,-0.021845231699923032
-0.01836537941248872,-0.021834370281038188
-0.018372197389274012,-0.021841744672557464
-0.018336158185262543,-0.021801245763974963
-0.018242595808523793,-0.021702667441541743
-0.017809907324048257,-0.021207812835563482
-0.017747173177768076,-0.021150299738452283
-0.017749495224838503,-0.021150095682350246
-0.017794554441203512,-0.021199957433082825
-0.01768139591174341,-0.021076889293275988
-0.017840178159397143,-0.021250025361058304
-0.017851366255097385,-0.02126183613845842
-0.017850291078207826,-0.021262567628071136
-0.017822636081692617,-0.02121708042317672
-0.017817968038883032,-0.021216219660871706
-0.017807667225632165,-0.021205591060084236
-0.01779723661063924,-0.021202320495333795
-0.017739336179290487,-0.02113877748210196
-0.017714026524959747,-0.021102009601301094
-0.017528260827176116,-0.02088981862346255
-0.01746296528044293,-0.02082222585106798
-0.017459109685826958,-0.020808523875830025
-0.017472153098184035,-0.02083179707909687
-0.01746837694902152,-0.020836459247416395
-0.017244923352564417,-0.02059032133501722
-0.017285821123110966,-0.02063330944849216
-0.01724688150884786,-0.020589919924127398
-0.017226787131026797,-0.020562690964138954
-0.017226399721054716,-0.02056057324394667
-0.017231811632654078,-0.020553624255980264
-0.017202159079531456,-0.020524324967032197
-0.01717539575482803,-0.020499419121318384
-0.017174424329070497,-0.020498492419152466
-0.017180566524294356,-0.020504325665587925
-0.01721077674375393,-0.020538134327241567
-0.017194371717772702,-0.02051463726179385
-0.01717029481483241,-0.020481784667944373
-0.01722570284940918,-0.020534078305379105
-0.01727032762900272,-0.02058437896024031
-0.017239801684454995,-0.020550983649046294
-0.017214833657455436,-0.020527087546150458
-0.017208228438638597,-0.020520291122520993
-0.01717359844353593,-0.020483793613918274
-0.017163043009525723,-0.02046552625465171
-0.01721761280570281,-0.020524982205569038
-0.01721445426243948,-0.02051399064703613
-0.017225714342571013,-0.02052566759203949
-0.01732362559453444,-0.020630697496096508
-0.017364290257919225,-0.020676363795010526
-0.017332633311170523,-0.020641601448759584
-0.017312412715094573,-0.020622198319416668
-0.0173403094508378,-0.02064928422309566
-0.017277262590698422,-0.020580884095937765
-0.017165430361925606,-0.020463394769268638
-0.017200070040454714,-0.020497343272111786
-0.017199601623200524,-0.020497130006848968
-0.01719959780530737,-0.020497115425722644
-0.017106184033683886,-0.020403987879087357
-0.01710643130676485,-0.020404060594335895
-0.016899151386697522,-0.020172912805246572
-0.016811880199074692,-0.02007796471846001
-0.016740763464003598,-0.019998064936246215
-0.016732690264542476,-0.019989698575698586
-0.01670797467095134,-0.019963111433248498
-0.016705086777999263,-0.01996038487666477
-0.016713105983636147,-0.019967497029894928
-0.016675494870208037,-0.019913630363462012
-0.01669889821561733,-0.019934492688508314
-0.01643953481689188,-0.019646234599742404
-0.016450118502692727,-0.019657092808624963
-0.016224517956010973,-0.019402858845829405
-0.0162305658958681,-0.019409375135469226
-0.01624775493176161,-0.019426549608693333
-0.01636276474326974,-0.019559075820870127
-0.016307999965849015,-0.01949987962755666
-0.01629471793354767,-0.0194850620724764
-0.016091099963072054,-0.019251487695757817
-0.015825689855178793,-0.018951067987908087
-0.015817595804759804,-0.018942371585676694
-0.01558127433572783,-0.01863703631029257
-0.01556934228399715,-0.018623338314488033
-0.01561719405442567,-0.01867741828814151
-0.015434585552533304,-0.018435304210731786
-0.015348963566391228,-0.018314590336461413
-0.015311473716228268,-0.01827588458223395
-0.015352888414680516,-0.018344671254538508
-0.015319356887433466,-0.018309646829250528
-0.01516841747835448,-0.018142348816955076
-0.01526673720837968,-0.018252120110289986
-0.015310040410160871,-0.01832447664965232
-0.015303230417544972,-0.018306662293413545
-0.014981278628322239,-0.017937644498817407
-0.014959095303656633,-0.01789980955803683
-0.014995531461102435,-0.017939921718683895
-0.01496594595343161,-0.01790728171861035
-0.015004298056900072,-0.017950138201202184
-0.015007231146954495,-0.017952447159521014
-0.015051074197256008,-0.018000180869169064
-0.014959540582653391,-0.017876576565206137
-0.014954809658196073,-0.017865320784243358
-0.01498961560333759,-0.01790103351093863
-0.014995027978376676,-0.01790581481748444
-0.014940402895364252,-0.01784957534701053
-0.015065348114013935,-0.018009117911702354
-0.014994642407390076,-0.017933674472012294
-0.01493346500158229,-0.01786484576272892
-0.014911805241928429,-0.01781815186916282
-0.014923065819042836,-0.017830225984686962
-0.014978816901020002,-0.017890278531858976
-0.014833316053830814,-0.017731872582558726
-0.014177135977137708,-0.016920490164470153
-0.014318600629177702,-0.017098530294968682
-0.01421835270462354,-0.016984393936534215
-0.014246047249075763,-0.01700631014246633
-0.014237952911498576,-0.01700532632678398
-0.014066708785915292,-0.016818313109909153
-0.014050419767047424,-0.016801290256146892
-0.01404136764821969,-0.016791820226912522
-0.014060118587862517,-0.01680351987368719
-0.014040880251035717,-0.016784216733223223
-0.014031094584911023,-0.01678092545462995
-0.013973903092702272,-0.016724488013908204
-0.014016958373793301,-0.016768504440554412
-0.01391641735571754,-0.016640634882537274
-0.013945857415620946,-0.016659661081967352
-0.013934083013069374,-0.016647327913323375
-0.013654350420554802,-0.01632518615340684
-0.013568962319056611,-0.016230794246485544
-0.0135630610611442,-0.016224964748961936
-0.013570342701670401,-0.016232240641329092
-0.013568626781825764,-0.016230310423605915
-0.013657597761977539,-0.016343023268963443
-0.013744090464832331,-0.016450085430918422
-0.013776813873820142,-0.016484208201332992
-0.013619746064626856,-0.016308747745407703
-0.01347272122106803,-0.016148893036966896
-0.013446531875695191,-0.01612001780994937
-0.013446254421103086,-0.01611978844172943
-0.013424484676817625,-0.01608641663268911
-0.013344942532125321,-0.016004801548357275
-0.013342426781613497,-0.01599923063891028
-0.013389229475098068,-0.016051308493963898
-0.013314481803661453,-0.015967422731143703
-0.01336286570897598,-0.016012358337322213
-0.013378002269183476,-0.016027895447900554
-0.013387661468351849,-0.01603856286820131
-0.013377072329643925,-0.016028308041508114
-0.013332242407876869,-0.015978427555588665
-0.013238021159044993,-0.015854261066751023
-0.013261602338688276,-0.015877202731055792
-0.013260908864933004,-0.015876506448054436
-0.013133870692692446,-0.015715256441711227
-0.013181297593101864,-0.015756775079411
-0.013248286727335499,-0.015828032098057603
-0.013235023628125259,-0.01581687065585986
-0.01320527425432669,-0.01578742989432471
-0.013205295072777979,-0.01579241665119778
-0.0132341877932378,-0.015819297181170394
-0.013258005438977448,-0.01584309110992728
-0.013282183478539272,-0.01588025119320027
-0.013285129220891333,-0.015883051622734835
-0.013285342278597333,-0.015882206892047168
-0.013272368882928615,-0.015869862350495926
-0.013206767615871176,-0.01579520856268768
-0.013166903437088857,-0.015742162480771583
-0.013270620596168419,-0.015858232659416403
-0.013348711830897749,-0.01594128114406558
-0.013009890937193232,-0.015558832091276247
-0.01299274783882138,-0.015541565503496025
-0.012978248108323487,-0.015521971683517832
-0.012977696459269564,-0.015521528897507015
-0.012909766095506217,-0.01544626964670094
-0.013020649156934806,-0.015568486429030675
-0.013022712508435957,-0.015567367065373566
-0.013022409260249295,-0.015579697376890429
-0.013000577803193431,-0.015556228484116351
-0.01295984026157905,-0.015510920882110197
-0.012923939540286141,-0.015471425868860904
-0.012769669418323427,-0.015302706909120464
-0.012724314739193854,-0.01525247379963238
-0.01273672540351352,-0.015261139781754553
-0.012674939897891209,-0.015195027718575366
-0.012671513121472903,-0.015191807700993595
-0.01267124389514066,-0.015191337558907957
-0.012698894129264136,-0.015236891746984239
-0.012703937432125435,-0.01524119476603608
-0.012637506300928178,-0.01514850689025659
-0.012636488812263277,-0.015152771015742996
-0.012366177110132891,-0.014845644753002752
-0.012366607432585542,-0.014846078641326164
-0.012294658199933233,-0.014765715782887098
-0.01232264885514855,-0.014794596285100348
-0.01232339580122758,-0.014796287649397968
-0.012280676828283413,-0.014748208612683427
-0.012243289467578314,-0.014706476899546787
-0.012243308032588145,-0.014707998270657227
-0.012211368689694002,-0.014675084598054994
-0.012222538995990863,-0.014682903308894282
-0.012217112139986842,-0.0146782541792153
-0.012232249140756421,-0.014695003359019578
-0.012230410009506136,-0.014693433024515918
-0.012248331112462775,-0.014710544780686367
-0.012264939033243102,-0.014734891604986882
-0.012279112060429392,-0.01475696603692297
-0.012318598502669222,-0.014796344845130299
-0.012302724905355134,-0.014770609241804905
-0.012253903787266662,-0.014705406318391765
-0.012196130781836526,-0.014625328397744667
-0.012196488763569893,-0.014625996579117553
-0.012189352617277327,-0.014618989076040641
-0.012188025021229006,-0.014618022116989319
-0.012300261177658573,-0.014746689845996298
-0.012299687476015777,-0.014740707213835412
-0.012318311575096145,-0.014759353197239398
-0.012404479705675594,-0.01485456925455943
-0.012338840833624638,-0.014780842590575194
-0.012407624864367374,-0.014857990212847994
-0.012414426514333431,-0.014864609400250584
-0.01237621056820001,-0.014824079367011552
-0.012355320421720913,-0.014800887577178009
-0.012338325183764046,-0.014786198194976247
-0.012363745966951917,-0.014810925074260926
-0.012321407178655085,-0.014764237649199033
-0.012159428469238983,-0.01458394826129631
-0.012147742322962658,-0.014565472526008984
-0.01227744471250818,-0.014699639671476613
-0.012206390775431885,-0.014618751375359321
-0.012115559120887038,-0.014521023535083208
-0.012033707099617022,-0.014432343298036915
-0.012029787114728671,-0.014431932030958891
-0.01199540425479269,-0.014383962861452652
-0.012009523815505027,-0.014397899391532267
-0.012014952563461165,-0.014410741471818433
-0.012022851532394949,-0.014418776772145361
-0.01196132683128349,-0.014351138342667071
-0.011925048574808278,-0.014312528674013588
-0.011971768526177632,-0.014376456005346571
-0.011850241453692298,-0.014239694128434162
-0.011830043813180797,-0.014211361742984466
-0.011784622645783508,-0.014161305255115575
-0.011788071706416329,-0.014164960396414114
-0.011884978008246555,-0.014272510110886354
-0.012045736980576044,-0.014455305001628638
-0.012012970994483023,-0.014421768376733795
-0.011931657793737402,-0.014333589558880014
-0.012009644900740947,-0.014414101114126042
-0.011978527401381021,-0.014380462328262473
-0.011964919963922167,-0.014367768189449783
-0.011966610572307593,-0.0143600291602018
-0.0119681641464344,-0.014355424857305892
-0.011971892039903046,-0.014366448703863931
-0.011974040188550358,-0.014371188865402184
-0.012106167277812052,-0.014519900465911504
-0.012104083661129023,-0.014521409124979925
-0.01206638043536281,-0.014481413624210383
-0.012011012771309653,-0.014427720026080844
-0.012011232330792165,-0.014423942600748639
-0.012003069137097358,-0.01441682693575595
-0.011956854756817566,-0.014353853922073405
-0.011963987425477246,-0.014366772259112988
-0.011878956036507094,-0.014272499729079482
-0.011941861623109243,-0.014339701495842088
-0.011730721528437476,-0.014102926287852608
-0.011747638156837999,-0.014121745389580644
-0.011783990204167859,-0.01415794820902904
-0.01177253250928982,-0.014151216126517754
-0.011786434446602214,-0.014161415177566264
-0.011789325175922032,-0.014164420572643744
-0.011771855570274738,-0.014137618227638505
-0.011777539025485518,-0.014152596522652803
-0.011777548665707864,-0.014152579573565692
-0.011742274028409334,-0.014112932148361932
-0.011763001329969977,-0.014131536456069573
-0.011754357606650424,-0.01412730768181817
-0.011751412504391117,-0.014123537105352097
-0.011727187413223716,-0.014088605323371165
-0.011721329988005885,-0.014075382361413242
-0.011674751821652833,-0.014028694364042854
-0.011632647826418926,-0.013984467329602882
-0.011669897757191548,-0.014019068693509554
-0.011858009557737722,-0.014230123457379958
-0.011817198114606905,-0.01418663746376264
-0.011879586817909543,-0.014252913716274653
-0.011947950418394363,-0.014324548129782429
-0.011977868394330465,-0.014356488345821964
-0.011976284023558114,-0.014359773045080789
-0.011900245188873152,-0.01427444955124867
-0.011903648801751645,-0.01427466989055973
-0.01198330645520625,-0.014376271885402019
-0.011919361553156161,-0.014304557881916168
-0.011858585168668626,-0.014235118558979996
-0.012037164005959946,-0.01443890807607373
-0.012038173347291192,-0.014438157965884327
-0.01203345675347117,-0.0144334652253217
-0.012060620756213036,-0.014473015032221042
-0.012063050159271232,-0.01447883014280006
-0.012009323978488055,-0.014428330607826011
-0.012002130055587803,-0.014421451189258224
-0.012009793961244186,-0.014429861095808075
-0.011886025775814544,-0.014294503842259564
-0.011775175268108047,-0.01417056992210685
-0.011763693556811318,-0.014158077968153349
-0.011769526952419831,-0.014162813036461013
-0.011773447345107858,-0.014167172077205647
-0.011788905566415495,-0.01418346850468117
-0.011848284490578469,-0.014258998832632512
-0.01180972309914167,-0.014221526913834576
-0.011856998098556351,-0.014271563663377255
-0.011915825244539806,-0.014333596108699324
-0.01187583865721751,-0.01428005097665729
-0.011932880603823652,-0.014341049406916507
-0.012055870191027919,-0.014476729825926033
-0.01206733299794897,-0.014487972820442336
-0.01202957591664693,-0.014447379017164487
-0.012122732475844182,-0.014551484745559666
-0.012124688685635992,-0.014561061124702915
-0.012146102235981131,-0.0145834058619599
-0.012141872306646609,-0.014582989968982434
-0.012160418636514202,-0.014610823302106316
-0.012133343962792087,-0.014584566664375104
-0.012128927355383025,-0.01457851062007647
-0.012121523080603944,-0.01457064347950683
-0.012149923851355503,-0.01460070459468246
-0.012126863014962236,-0.014580964736301341
